{
  "height": 229.75280898876403,
  "width": 279.91011235955057,
  "x": 9.7078651685393247,
  "y": 0,
  "z": 0
}