{
  "height": 229.75280898876403,
  "width": 279.91011235955057,
  "x": 383.46067415730334,
  "y": 0,
  "z": 1000
}